total_return,annualized_return,sharpe,max_drawdown,num_trades
1.4156043883611513,0.0950784705713823,0.4970989580315757,0.4489979739054934,
