total_return,annualized_return,sharpe,max_drawdown,num_trades
0.8719529166263744,0.0666988196406364,0.3872387574952275,0.4264369084349287,
