total_return,annualized_return,sharpe,max_drawdown,num_trades
3.5889546404972075,0.1698910826630049,0.7116426310561559,0.3869835027360789,
