total_return,annualized_return,sharpe,max_drawdown,num_trades
2.213497736688749,0.12774325768507944,0.5968266793420517,0.42343628049678533,
