total_return,annualized_return,sharpe,max_drawdown,num_trades
2.3856071916104797,0.13381890071598757,0.6380368795143605,0.4004914675466825,
