total_return,annualized_return,sharpe,max_drawdown,num_trades
3.354730674238615,0.16359623679697943,0.6662972978727788,0.4472713035175221,
